{
  "engine": "resemblyzer",
  "dim": 256,
  "threshold": 0.75,
  "voiceprints": {
    "dujoely": [
      0.139557,
      0.01728,
      0.030141,
      0.0,
      0.009214,
      0.0,
      0.028044,
      0.076194,
      0.0,
      0.246962,
      0.08024,
      0.044624,
      0.121952,
      0.088372,
      0.0,
      0.108582,
      0.076312,
      0.136578,
      0.061939,
      0.0,
      0.195634,
      0.078945,
      0.0,
      0.0,
      0.035573,
      0.201546,
      0.0,
      0.092475,
      0.0,
      0.0,
      0.078542,
      0.025968,
      0.039198,
      0.0,
      0.021037,
      0.04057,
      0.07648,
      0.0,
      0.056583,
      0.0,
      0.0,
      0.011718,
      0.082451,
      0.049225,
      0.03641,
      0.064928,
      0.006271,
      0.032257,
      0.0551,
      0.026298,
      0.0,
      0.044697,
      0.0,
      0.0,
      0.0,
      0.0,
      0.12712,
      0.010427,
      0.158253,
      0.069824,
      0.0,
      0.0,
      0.016202,
      0.085765,
      0.048032,
      0.088282,
      0.032053,
      0.010399,
      0.0,
      0.042478,
      0.0,
      0.073753,
      0.0,
      0.143058,
      0.029868,
      0.096101,
      0.0,
      0.0,
      0.038691,
      0.046422,
      0.0,
      0.0,
      0.064604,
      0.078108,
      0.028132,
      0.0,
      0.0,
      0.141975,
      0.0,
      0.205702,
      0.027147,
      0.0,
      0.0,
      0.019754,
      0.0,
      0.0,
      0.01664,
      0.0,
      0.0,
      0.0,
      0.0,
      0.0,
      0.054692,
      0.066,
      0.087342,
      0.009416,
      0.019211,
      0.004196,
      0.0,
      0.004754,
      0.0,
      0.046393,
      0.016319,
      0.05071,
      0.123244,
      0.0,
      0.0,
      0.013662,
      0.013049,
      0.14647,
      0.069393,
      0.110087,
      0.053518,
      0.063082,
      0.082443,
      0.0,
      0.08566,
      0.145534,
      0.064266,
      0.0,
      0.059275,
      0.0,
      0.005487,
      0.049015,
      0.07484,
      0.03332,
      0.002545,
      0.0,
      0.057175,
      0.026101,
      0.0,
      0.005239,
      0.039057,
      0.036676,
      0.047662,
      0.034549,
      0.025392,
      0.0,
      0.040652,
      0.053959,
      0.048207,
      0.042569,
      0.0,
      0.00197,
      0.036761,
      0.089172,
      0.0,
      0.0,
      0.075438,
      0.103315,
      0.073817,
      0.0,
      0.155932,
      0.008273,
      0.050917,
      0.060493,
      0.01077,
      0.031162,
      0.040037,
      0.004884,
      0.0,
      0.0,
      0.117124,
      0.051185,
      0.0,
      0.092252,
      0.062863,
      0.068471,
      0.008262,
      0.02146,
      0.097215,
      0.019155,
      0.148259,
      0.026861,
      0.024268,
      0.0,
      0.0,
      0.059469,
      0.0,
      0.0,
      0.041688,
      0.026877,
      0.0,
      0.113853,
      0.0,
      0.057127,
      0.188789,
      0.082074,
      0.040507,
      0.005363,
      0.038537,
      0.032138,
      0.027782,
      0.0,
      0.0,
      0.0,
      0.057272,
      0.026028,
      0.0,
      0.122962,
      0.0,
      0.038212,
      0.104418,
      0.069859,
      0.0,
      0.04407,
      0.0,
      0.051139,
      0.065325,
      0.0,
      0.014921,
      0.027092,
      0.013141,
      0.0,
      0.014917,
      0.106608,
      0.097406,
      0.043371,
      0.0,
      0.0,
      0.0,
      0.0,
      0.0,
      0.0,
      0.0,
      0.022625,
      0.010251,
      0.080407,
      0.134076,
      0.076159,
      0.098366,
      0.028941,
      0.015803,
      0.125945,
      0.0,
      0.012212,
      0.025902,
      0.145927,
      0.017454,
      0.076956,
      0.007024,
      0.051983,
      0.098128,
      0.029713,
      0.017652,
      0.0
    ],
    "admin": [
      0.139557,
      0.01728,
      0.030141,
      0.0,
      0.009214,
      0.0,
      0.028044,
      0.076194,
      0.0,
      0.246962,
      0.08024,
      0.044624,
      0.121952,
      0.088372,
      0.0,
      0.108582,
      0.076312,
      0.136578,
      0.061939,
      0.0,
      0.195634,
      0.078945,
      0.0,
      0.0,
      0.035573,
      0.201546,
      0.0,
      0.092475,
      0.0,
      0.0,
      0.078542,
      0.025968,
      0.039198,
      0.0,
      0.021037,
      0.04057,
      0.07648,
      0.0,
      0.056583,
      0.0,
      0.0,
      0.011718,
      0.082451,
      0.049225,
      0.03641,
      0.064928,
      0.006271,
      0.032257,
      0.0551,
      0.026298,
      0.0,
      0.044697,
      0.0,
      0.0,
      0.0,
      0.0,
      0.12712,
      0.010427,
      0.158253,
      0.069824,
      0.0,
      0.0,
      0.016202,
      0.085765,
      0.048032,
      0.088282,
      0.032053,
      0.010399,
      0.0,
      0.042478,
      0.0,
      0.073753,
      0.0,
      0.143058,
      0.029868,
      0.096101,
      0.0,
      0.0,
      0.038691,
      0.046422,
      0.0,
      0.0,
      0.064604,
      0.078108,
      0.028132,
      0.0,
      0.0,
      0.141975,
      0.0,
      0.205702,
      0.027147,
      0.0,
      0.0,
      0.019754,
      0.0,
      0.0,
      0.01664,
      0.0,
      0.0,
      0.0,
      0.0,
      0.0,
      0.054692,
      0.066,
      0.087342,
      0.009416,
      0.019211,
      0.004196,
      0.0,
      0.004754,
      0.0,
      0.046393,
      0.016319,
      0.05071,
      0.123244,
      0.0,
      0.0,
      0.013662,
      0.013049,
      0.14647,
      0.069393,
      0.110087,
      0.053518,
      0.063082,
      0.082443,
      0.0,
      0.08566,
      0.145534,
      0.064266,
      0.0,
      0.059275,
      0.0,
      0.005487,
      0.049015,
      0.07484,
      0.03332,
      0.002545,
      0.0,
      0.057175,
      0.026101,
      0.0,
      0.005239,
      0.039057,
      0.036676,
      0.047662,
      0.034549,
      0.025392,
      0.0,
      0.040652,
      0.053959,
      0.048207,
      0.042569,
      0.0,
      0.00197,
      0.036761,
      0.089172,
      0.0,
      0.0,
      0.075438,
      0.103315,
      0.073817,
      0.0,
      0.155932,
      0.008273,
      0.050917,
      0.060493,
      0.01077,
      0.031162,
      0.040037,
      0.004884,
      0.0,
      0.0,
      0.117124,
      0.051185,
      0.0,
      0.092252,
      0.062863,
      0.068471,
      0.008262,
      0.02146,
      0.097215,
      0.019155,
      0.148259,
      0.026861,
      0.024268,
      0.0,
      0.0,
      0.059469,
      0.0,
      0.0,
      0.041688,
      0.026877,
      0.0,
      0.113853,
      0.0,
      0.057127,
      0.188789,
      0.082074,
      0.040507,
      0.005363,
      0.038537,
      0.032138,
      0.027782,
      0.0,
      0.0,
      0.0,
      0.057272,
      0.026028,
      0.0,
      0.122962,
      0.0,
      0.038212,
      0.104418,
      0.069859,
      0.0,
      0.04407,
      0.0,
      0.051139,
      0.065325,
      0.0,
      0.014921,
      0.027092,
      0.013141,
      0.0,
      0.014917,
      0.106608,
      0.097406,
      0.043371,
      0.0,
      0.0,
      0.0,
      0.0,
      0.0,
      0.0,
      0.0,
      0.022625,
      0.010251,
      0.080407,
      0.134076,
      0.076159,
      0.098366,
      0.028941,
      0.015803,
      0.125945,
      0.0,
      0.012212,
      0.025902,
      0.145927,
      0.017454,
      0.076956,
      0.007024,
      0.051983,
      0.098128,
      0.029713,
      0.017652,
      0.0
    ]
  }
}