{"engine": "resemblyzer", "dim": 256, "threshold": 0.77, "voiceprints": {"ADMIN": [NaN, NaN, NaN, NaN, NaN, NaN, NaN, NaN, NaN, NaN, NaN, NaN, NaN, NaN, NaN, NaN, NaN, NaN, NaN, NaN, NaN, NaN, NaN, NaN, NaN, NaN, NaN, NaN, NaN, NaN, NaN, NaN, NaN, NaN, NaN, NaN, NaN, NaN, NaN, NaN, NaN, NaN, NaN, NaN, NaN, NaN, NaN, NaN, NaN, NaN, NaN, NaN, NaN, NaN, NaN, NaN, NaN, NaN, NaN, NaN, NaN, NaN, NaN, NaN, NaN, NaN, NaN, NaN, NaN, NaN, NaN, NaN, NaN, NaN, NaN, NaN, NaN, NaN, NaN, NaN, NaN, NaN, NaN, NaN, NaN, NaN, NaN, NaN, NaN, NaN, NaN, NaN, NaN, NaN, NaN, NaN, NaN, NaN, NaN, NaN, NaN, NaN, NaN, NaN, NaN, NaN, NaN, NaN, NaN, NaN, NaN, NaN, NaN, NaN, NaN, NaN, NaN, NaN, NaN, NaN, NaN, NaN, NaN, NaN, NaN, NaN, NaN, NaN, NaN, NaN, NaN, NaN, NaN, NaN, NaN, NaN, NaN, NaN, NaN, NaN, NaN, NaN, NaN, NaN, NaN, NaN, NaN, NaN, NaN, NaN, NaN, NaN, NaN, NaN, NaN, NaN, NaN, NaN, NaN, NaN, NaN, NaN, NaN, NaN, NaN, NaN, NaN, NaN, NaN, NaN, NaN, NaN, NaN, NaN, NaN, NaN, NaN, NaN, NaN, NaN, NaN, NaN, NaN, NaN, NaN, NaN, NaN, NaN, NaN, NaN, NaN, NaN, NaN, NaN, NaN, NaN, NaN, NaN, NaN, NaN, NaN, NaN, NaN, NaN, NaN, NaN, NaN, NaN, NaN, NaN, NaN, NaN, NaN, NaN, NaN, NaN, NaN, NaN, NaN, NaN, NaN, NaN, NaN, NaN, NaN, NaN, NaN, NaN, NaN, NaN, NaN, NaN, NaN, NaN, NaN, NaN, NaN, NaN, NaN, NaN, NaN, NaN, NaN, NaN, NaN, NaN, NaN, NaN, NaN, NaN, NaN, NaN, NaN, NaN, NaN, NaN], "jdoe": [0.074253, 0.0, 0.035988, 0.0, 0.030103, 0.014992, 0.013292, 0.043921, 0.050004, 0.104453, 0.116186, 0.04169, 0.063748, 0.083444, 0.0, 0.094265, 0.022498, 0.1056, 0.007802, 0.0, 0.113764, 0.06808, 0.0, 0.0, 0.089759, 0.170182, 0.0, 0.076878, 0.0, 0.0, 0.068345, 0.108711, 0.001907, 0.0, 0.038418, 0.10056, 0.027191, 0.0, 0.063388, 0.0, 0.0, 0.011906, 0.107678, 0.053115, 0.060671, 0.120114, 0.0, 0.049822, 0.048682, 0.030385, 0.0, 0.06804, 0.0, 0.0, 0.0, 0.0, 0.116555, 0.015243, 0.110239, 0.0, 0.003184, 0.003112, 0.050847, 0.045232, 0.044991, 0.046457, 0.068926, 0.062689, 0.0, 0.0, 0.0, 0.108835, 0.039224, 0.094926, 0.047449, 0.03751, 0.0, 0.004672, 0.102542, 0.050583, 0.0, 0.0, 0.043612, 0.089514, 0.056265, 0.032608, 0.076675, 0.210093, 0.0, 0.209963, 0.023359, 0.0, 0.023266, 0.061128, 0.015008, 0.0, 0.018044, 0.0, 0.004531, 0.0, 0.0, 0.0, 0.113809, 0.062104, 0.039465, 0.013292, 0.08101, 0.006485, 0.0, 0.065862, 0.0, 0.06785, 0.042517, 0.085595, 0.068854, 0.0, 0.0, 0.019982, 0.011491, 0.155711, 0.058369, 0.147834, 0.047612, 0.08352, 0.103571, 0.079296, 0.050826, 0.086971, 0.039061, 0.0, 0.013105, 0.0, 0.0, 0.051506, 0.110167, 0.016, 0.058552, 0.0, 0.032266, 0.0, 0.0, 0.053565, 0.034684, 0.020627, 0.119003, 0.022996, 0.060568, 0.0, 0.055092, 0.084651, 0.065781, 0.04581, 0.0, 0.046374, 0.029936, 0.074007, 0.0, 0.0, 0.118587, 0.110567, 0.036418, 0.0, 0.142798, 0.060959, 0.008861, 0.049358, 0.057127, 0.01184, 0.065569, 0.055155, 0.0, 0.0, 0.15275, 0.020047, 0.0, 0.080839, 0.111761, 0.086174, 0.015482, 0.006555, 0.109443, 0.074575, 0.139192, 0.037058, 0.01734, 0.0, 0.0, 0.082368, 0.021221, 0.002428, 0.051534, 0.055767, 0.047253, 0.085196, 0.0, 0.067388, 0.106338, 0.05374, 0.041298, 0.110755, 0.014303, 0.023626, 0.037873, 0.002724, 0.0, 0.0, 0.150276, 0.036634, 0.014961, 0.068437, 0.0, 0.019558, 0.069282, 0.092794, 0.0, 0.004624, 0.0, 0.062787, 0.060949, 0.0, 0.023958, 0.017948, 0.031147, 0.0, 0.018563, 0.068963, 0.0, 0.086148, 0.0, 0.0, 0.0, 0.094687, 0.049946, 0.0, 0.017129, 0.074554, 0.013939, 0.05625, 0.120204, 0.046224, 0.09969, 0.107757, 0.0, 0.116468, 0.0, 0.0, 0.04935, 0.057474, 0.083813, 0.052223, 0.038497, 0.081404, 0.141951, 0.032604, 0.005889, 0.0], "muadmin": [0.101243, 0.0, 0.0726, 0.0, 0.0, 0.0, 0.023767, 0.054949, 0.061653, 0.158903, 0.097816, 0.060379, 0.131778, 0.069701, 0.0, 0.047859, 0.014799, 0.042494, 0.098012, 0.0, 0.229153, 0.144104, 0.0, 0.0, 0.0, 0.133786, 0.0, 0.037375, 0.0, 0.0, 0.111048, 0.047224, 0.007725, 0.0, 0.0, 0.096421, 0.058739, 0.0, 0.032743, 0.0, 0.0, 0.0, 0.099058, 0.017606, 0.108174, 0.039152, 0.0, 0.0, 0.05167, 0.0, 0.0, 0.059547, 0.0, 0.0, 0.0, 0.014175, 0.111441, 0.040115, 0.205579, 0.0, 0.0, 0.0, 0.016282, 0.085273, 0.012468, 0.058297, 0.086955, 0.109369, 0.0, 0.0, 0.033031, 0.120855, 0.0, 0.169332, 0.008982, 0.0, 0.0, 0.0, 0.092028, 0.040678, 0.0, 0.0, 0.063193, 0.087858, 0.005969, 0.0, 0.0, 0.082981, 0.0, 0.234995, 0.003468, 0.0, 0.0, 0.005799, 0.0, 0.0, 0.006828, 0.0, 0.0, 0.0, 0.0, 0.0, 0.02627, 0.114473, 0.106789, 0.02075, 0.001408, 0.010168, 0.0, 0.109848, 0.0, 0.012597, 0.0, 0.111228, 0.11717, 0.0, 0.007603, 0.036913, 0.0, 0.193901, 0.087626, 0.057091, 0.098909, 0.0, 0.034201, 0.034029, 0.002901, 0.146645, 0.061251, 0.0, 0.0, 0.0, 0.00172, 0.074295, 0.105988, 0.0221, 0.016566, 0.0, 0.035542, 0.004998, 0.0, 0.0, 0.042399, 0.064211, 0.093812, 0.172707, 0.027729, 0.0, 0.046417, 0.020278, 0.048688, 0.070652, 0.0, 0.02133, 0.0, 0.026469, 0.0, 0.0, 0.107182, 0.034382, 0.03866, 0.0, 0.143123, 0.014645, 0.0, 0.046532, 0.007789, 0.063757, 0.01008, 0.037721, 0.0, 0.0, 0.0, 0.001981, 0.0, 0.106014, 0.047675, 0.096579, 0.056485, 0.0, 0.077229, 0.0, 0.060764, 0.052782, 0.0, 0.0, 0.06543, 0.037562, 0.0, 0.00013, 0.0, 0.037983, 0.030231, 0.040034, 0.0, 0.017297, 0.141071, 0.080334, 0.054563, 0.028166, 0.055284, 0.0, 0.0, 0.0, 0.0, 0.0, 0.009168, 0.034062, 0.0, 0.040758, 0.009066, 0.0, 0.084075, 0.145257, 0.0, 0.009121, 0.0, 0.048965, 0.0, 0.0, 0.078819, 0.0, 0.0, 0.0, 0.022544, 0.123865, 0.062646, 0.038622, 0.0, 0.0, 0.0, 0.0, 0.021066, 0.0, 0.0, 0.009234, 0.004106, 0.056525, 0.148539, 0.084001, 0.149296, 0.093885, 0.0, 0.227849, 0.0, 0.020525, 0.018542, 0.0, 0.053703, 0.023561, 0.0, 0.001645, 0.064637, 0.0, 0.001391, 0.0]}}